0;allyDVM ;https://www.allydvm.com/ ;USA 
0;Appstractor Corporation ;https://www.appstractor.com/ ;USA, UK, Israel 
0;Articulate ;https://www.articulate.com ;Worldwide 
0;BeBanjo ;https://bebanjo.com/ ;Worldwide 
0;Betable ;https://corp.betable.com/ ;USA, Europe 
0;Bloc ;https://www.bloc.io/ ;North America 
0;Carbon Black ;https://www.carbonblack.com/ ;USA 
0;Chef ;https://www.chef.io/ ;USA, UK 
0;Chess ;https://www.chess.com/jobs/ ;Worldwide 
0;Consumer Financial Protection Bureau ;https://www.consumerfinance.gov ;USA 
0;Continu ;https://www.continu.co/ ;USA 
0;Cosmic Chimps ;https://www.cosmic-chimps.com/ ;Spain, México 
0;GotSoccer ;https://www.gotpro.com/ ;USA 
0;Headway ;https://www.headway.io/ ;USA 
0;Instamobile ;https://instamobile.io ;Worldwide 
0;Kissmetrics ;https://www.kissmetrics.com/ ;Worldwide 
0;Knack ;https://www.knack.com ;USA 
0;Let's Encrypt ;https://letsencrypt.org ;USA, Canada 
0;MetaLab ;https://metalab.co ;Worldwide 
0;O'Reilly Media ;https://www.oreilly.com/ ;USA, UK, JPN, CHN 
0;PreviousNext ;https://www.previousnext.com.au/ ;Australia 
0;SignEasy ;https://signeasy.com/ ;Worldwide 
0;Soostone ;https://www.soostone.com/ ;USA 
0;Stitch Fix ;https://www.stitchfix.com ;USA 
0;The Wirecutter ;https://thewirecutter.com/ ;Worldwide 
0;Toptal ;https://www.toptal.com/ ;Worldwide 
0;Two ;https://www.two.ai/ ;USA, India, Korea 
1-1000;BharatPe ;https://www.bharatpe.com ;India 
1-1000;Bill ;https://www.bill.com/ ;USA 
1-100;Estately ;https://www.estately.com/ ;USA 
1-100;Novoda ;https://www.novoda.com/ ;UK, Europe 
1-10;Abstract API ;https://www.abstractapi.com ;Worldwide 
1-10;Checkly ;https://www.checklyhq.com ;Europe (CET -3 / CET +3) 
1-10;Corgibytes ;https://corgibytes.com ;USA East Coast 
1-10;DynaPictures ;https://dynapictures.com/ ;Worldwide 
1-10;Epilocal ;https://www.epilocal.com/ ;Worldwide 
1-10;Findify ;https://findify.io ;UTC+2 +- 2 
1-10;Ghost Inspector ;https://ghostinspector.com ;North America, Latin America, Caribbean 
1-10;HomeValet ;https://homevalet.co ;USA 
1-10;I-Stem ;https://www.istemai.com/ ;India 
1-10;Jitbit ;https://www.jitbit.com/ ;Worldwide 
1-10;Prezly ;https://www.prezly.com/ ;Worldwide 
1-10;Quantify ;https://quantifyhq.com ;Worldwide 
1-10;Reboot Studio ;https://www.reboot.studio/ ;Worldwide 
1-10;The Crafters Lab ;https://thecrafterslab.eu/ ;Worldwide 
1-10;Tractionboard ️ ;https://tractionboard.io/ ;USA 
1-10;Transloadit ;https://transloadit.com/ ;Worldwide 
1-10;Travis CI ;https://travis-ci.org/ ;Worldwide 
1-10;Webikon ;https://www.webikon.sk/en/ ;Worldwide 
1-10;ZenRows ;https://www.zenrows.com/ ;Worldwide 
1-11;ServMask ;https://servmask.com ;Worldwide 
1-15;RealtimeCRM ;https://realtimecrm.co.uk/ ;Worldwide 
1-200;Luxoft ;https://www.luxoft.com/ ;Worldwide 
1-20;42 Technologies ;https://www.42technologies.com/ ;Worldwide 
1-20;Acivilate ;https://acivilate.com/ ;USA 
1-20;Ad Hoc ;https://www.adhocteam.us/ ;USA 
1-20;AgFlow ;https://www.agflow.com ;Europe 
1-20;ARK ;https://www.ark.io/careers ;Worldwide 
1-20;Best Practical Solutions ;https://bestpractical.com/ ;Worldwide 
1-20;Bizink ;https://bizinkonline.com ;Worldwide 
1-20;Conversio ;https://conversio.com/ ;Worldwide 
1-20;DashboardHub ;https://dashboardhub.io ;Worldwide 
1-20;Entrision ;https://entrision.com/ ;USA 
1-20;FivexL ;https://fivexl.io ;Worldwide 
1-20;FullFabric ;https://fullfabric.com/ ;Europe 
1-20;Ghost Foundation ;https://ghost.org/ ;Worldwide 
1-20;GitPrime ;https://gitprime.com/ ;Worldwide 
1-20;GMBapi ;https://www.gmbapi.com/ ;Worldwide 
1-20;Jolly Good Code ;https://www.jollygoodcode.com ;Worldwide 
1-20;journy.io ;https://www.journy.io ;Europe 
1-20;Konkurenta ;https://konkurenta.com ;EU 
1-20;Lambert Labs ;https://lambertlabs.com/ ;UK 
1-20;Oddball ;https://oddball.io/ ;USA 
1-20;Parabol ;https://www.parabol.co/ ;Worldwide 
1-20;Predict Mobile ;https://predictmobile.com/ ;UK 
1-20;Prisma ;https://www.prisma.io/ ;Worldwide 
1-20;Session ;https://getsession.com ;Worldwide 
1-20;StudySoup ;https://studysoup.com/ ;Worldwide 
1-20;Superplayer & Co ;https://superplayer.company/ ;Brazil, Latin America 
1-20;The Grid ;https://thegrid.io/ ;Worldwide 
1-20;The Scale Factory ;https://www.scalefactory.com/ ;UK 
1-20;WebScrapingHQ ;https://www.webscrapinghq.com ;India 
1-20;Whitecap SEO ;https://www.whitecapseo.com/ ;USA 
1-20;Yonder ;https://www.yonder.io ;Worldwide 
1-20;Zeit.io ;https://zeit.io/ ;Germany, The Netherlands, Spain, Chile 
1-25;CloudApp ;https://getcloudapp.com ;North America 
1-25;Dev Spotlight ;https://www.devspotlight.com ;Worldwide 
1-25;WikiHow ;https://www.wikihow.com/wikiHow:About-wikiHow ;PST Timezone 
1-30;ChatGen ;https://chatgen.ai/ ;India, USA 
1-500;Sigma Defense ;https://sigmadefense.com ;USA 
1-50;CartStack ;https://www.cartstack.com/ ;Worldwide 
1-50;Coingape ;https://coingape.com/ ;India 
1-50;HomeFlicWeGrow ;https://www.homeflicwegrow.com/ ;India 
1-50;Interpersonal Frequency (I.F.) ;https://ifsight.com/ ;Worldwide 
1-50;Merico ;https://merico.dev/ ;Worldwide 
1-50;npm ;https://www.npmjs.com/ ;USA 
1-50;Nuage ;https://nuagebiz.tech/ ;India 
1-50;Our-Hometown Inc. ;https://our-hometown.com/ ;USA 
1-50;OutsourcingDev ;https://www.outsourcingdev.com/ ;Worldwide 
1-50;ReCharge ;https://rechargepayments.com/ ;Worldwide 
1-5;Seaplane ;https://www.seaplane.io/ ;Worldwide 
1-5;Stencil ;https://getstencil.com/ ;USA, Canada 
2-10;Cards Against Humanity ;https://cardsagainsthumanity.com/ ;USA 
2-10;Cuvette ;https://cuvette.tech ;Worldwide 
2-10;Honeybadger ;https://www.honeybadger.io/ ;Worldwide 
2-10;IDoneThis ;https://idonethis.com/ ;Worldwide 
2-10;Willings,Inc ;https://willings.co.jp/en/ ;Japan 
2-10;ZooTools ;https://zootools.co/ ;Worldwide 
2-13;EVELO ;https://evelo.com ;USA 
2;Calibre ;https://calibreapp.com/ ;Worldwide 
2;Gruntwork ;https://www.gruntwork.io/ ;Worldwide 
2;iOS App Templates ;https://www.iosapptemplates.com/ ;Worldwide 
2;ScrapingBee ;https://www.scrapingbee.com/ ;Worldwide 
3+;Etch ;https://etch.co ;UK, Europe 
3;ExportData ;https://www.exportdata.io/ ;Worldwide 
4-8;Fire Engine Red ;https://fire-engine-red.com/ ;Worldwide 
4;Cueup ;https://cueup.io/ ;Worldwide 
4;Dgraph ;https://dgraph.io/ ;Americas 
4;Localistico ;https://localistico.com ;Worldwide 
4;Shareup ;https://shareup.app ;Europe 
5-10;3Blocks ;https://3blocks.io/ ;Worldwide 
5-10;Adaface ;https://www.adaface.com ;Asia 
5-10;Appwrite ;https://appwrite.io ;Worldwide 
5-10;Hugo ;https://hugo.events ;Worldwide 
5-10;Koding ;https://koding.com ;Worldwide 
5-10;OmbuLabs ;https://www.ombulabs.com/ ;Worldwide 
5-10;Shattered Silicon ;https://shatteredsilicon.net/ ;Worldwide 
5-10;Zaneffi ;https://zaneffi.com/ ;Worldwide 
5-20;SearchApi ;https://www.searchapi.io/ ;Worldwide 
5;Baremetrics ;https://baremetrics.com/ ;Worldwide 
5+;EarthOfDrones ;https://earthofdrones.com/ ;Worldwide 
5+;Glenn Website Design ;https://glennwebsitedesign.com/ ;Worldwide 
5;Polygon ;https://polygon.technology/careers/#all-roles ;Worldwide 
5+;simplabs ;https://simplabs.com/ ;Europe, Americas 
5+;Svix ;https://www.svix.com/ ;USA, Europe 
5+;Taskade ;https://taskade.com/ ;Worldwide 
5+;wemake.services ;https://wemake.services/ ;Worldwide 
6;Aivitex ;https://aivitex.com/ ;Germany 
6;Filament Group ;https://www.filamentgroup.com/ ;USA 
6;Socket Supply Co. ;https://socketsupply.co ;Worldwide 
6;Stairlin ;https://www.stairlin.com/ ;Worldwide 
7;Chroma ;https://hichroma.com/ ;Worldwide 
7;Loadsys Web Strategies ;https://www.loadsys.com ;USA 
7;RedMonk ;https://redmonk.com ;Worldwide 
8;CodePen ;https://codepen.io ;Worldwide 
8+;Grou.ps ;https://build.gr.ps ;Worldwide 
8;SerpApi ;https://serpapi.com/ ;Worldwide 
9+;Kona ;https://www.heykona.com ;Worldwide 
9;Marketade ;https://www.marketade.com ;USA 
9;Tower ;https://www.git-tower.com/ ;Worldwide 
10-20;Ambaum ;https://ambaum.com/ ;USA, Europe 
10-20;Arkency ;https://arkency.com/ ;Worldwide 
10-20;Capchase ;https://www.capchase.com/ ;Worldwide 
10-20;Implisense ;https://implisense.com/ ;Germany 
10-20;TimeSpot ;https://timespothq.com/ ;Worldwide 
10-20;Tipe ;https://tipe.io ;USA 
10-30;folotop ;https://folotop.com/ ;Worldwide 
10-50;fohandboh ;https://fohandboh.com/ ;Worldwide 
10-50;Gitbook ;https://www.gitbook.com/ ;France 
10-50;MeteorOps ;https://meteorops.com ;Worldwide 
10;abiturma ;https://www.abiturma.de/ ;Germany 
10+;Ably ;https://www.ably.io/ ;Europe 
10+;BetaPeak ;https://betapeak.com/ ;Worldwide 
10+;Codea IT ;https://www.codeait.com ;Worldwide 
10;Code B Solutions ;https://code-b.dev/ ;Worldwide 
10;DataCamp ;https://www.datacamp.com/ ;Europe or comparable timezone 
10+;FlowPath ;https://getflowpath.com ;USA 
10+;Fuel Made ;https://fuelmade.com/ ;Western North America 
10+;IOpipe ;https://www.iopipe.com ;USA 
10;Nettl Edinburgh ;https://www.webdesignedinburgh.com ;UK, Europe 
10+;Park Assist ;https://tech.parkassist.com ;UTC-8 to UTC+2 
10+;Plai ;https://plai.team ;Europe, North America 
10;Quaderno ;https://quaderno.io/ ;Europe 
10;RemoteBase ;https://remotebase.com ;Worldwide 
10+;RenoFi ;https://renofi.com/ ;Worldwide 
10+;SimpleTexting ;https://simpletexting.com/ ;Worldwide 
10;Veryfi ;https://veryfi.com/about ;Worldwide 
10;Webrunners ;https://www.webrunners.de/en/ ;Europe 
10;WeMakeMVP ;https://www.wemakemvp.com/ ;Worldwide 
11-20;vast limits ;https://vastlimits.com/ ;Germany 
11-50;ActiveCampaign ;https://www.activecampaign.com/ ;Dublin, Ireland, USA 
11-50;Aha! ;https://www.aha.io ;North America, South America, United Kingdom, Ireland, Australia, South Africa 
11-50;Aim India ;https://www.aimincorp.com/ ;India 
11-50;AirGarage ;https://www.airgarage.com/ ;USA 
11-50;AirTreks ;https://www.airtreks.com/ ;USA 
11-50;Animalz ;https://www.animalz.co ;USA 
11-50;AtoZDebug ;https://atozdebug.com/ ;Worldwide 
11-50;Bluespark ;https://www.bluespark.com/ ;USA 
11-50;Bonsai ;https://www.hellobonsai.com ;Worldwide 
11-50;Bright Funds ;https://www.brightfunds.org ;USA 
11-50;BuySellAds ;https://www.buysellads.com/ ;Worldwide 
11-50;Calamari ;https://calamari.io/ ;Poland 
11-50;Circonus ;https://circonus.com/ ;USA 
11-50;Civo ;https://www.civo.com ;Worldwide 
11-50;Coodesh ;https://coodesh.com/ ;Brazil 
11-50;FATMAP ;https://about.fatmap.com/careers ;Europe 
11-50;Fetlife ;https://fetlife.com/ ;Worldwide 
11-50;Focusnetworks ;https://focusnetworks.com.br ;Worldwide 
11-50;Gluware ;https://gluware.com/ ;USA, UK 
11-50;GoHiring ;https://www.gohiring.com/ ;Worldwide 
11-50;Groove ;https://www.groovehq.com ;Worldwide 
11-50;HUSL Digital ;https://husldigital.com ;USA 
11-50;Hyperion ;https://hyperiondev.com/jobs ;South Africa 
11-50;iRonin ;https://www.ironin.it/ ;Worldwide 
11-50;Lincoln Loop ;https://lincolnloop.com/ ;USA 
11-50;LionSher ;https://lionsher.com/careers/ ;Worldwide 
11-50;Mayvue ;https://mayvue.com/ ;USA 
11-50;Molteo ;https://molteo.com/ ;Worldwide 
11-50;NoRedInk ;https://noredink.com ;UTC-8 to UTC+1 
11-50;OpenCraft ;https://opencraft.com/ ;Worldwide 
11-50;Peachworks ;https://www.getbeyond.com/peachworks-restaurant-management-software/ ;USA 
11-50;reinteractive ;https://reinteractive.com/careers ;Worldwide 
11-50;Scalac ;https://scalac.io/ ;Worldwide 
11-50;Surevine ;https://www.surevine.com/ ;UK 
11-50;Test Double ;https://testdouble.com/ ;North America 
11-50;The Publisher Desk ;https://www.publisherdesk.com ;UK, USA 
11-50;Travis ;https://travistravis.co ;Worldwide 
11-50;v0 report ;https://www.v0.report ;Worldwide 
11-50;WireFuture ;https://wirefuture.com/ ;India, USA 
11;Bugfender ;https://bugfender.com/ ;Worldwide 
11;Memberful ;https://memberful.com ;Worldwide 
11;Six to Start ;https://sixtostart.com ;Worldwide 
12;Hypothesis ;https://hypothes.is ;Worldwide 
12;iwantmyname ;https://iwantmyname.com/ ;Worldwide 
12;Lyseon Tech ;https://lt.coop.br/ ;Brazil 
12+;Prelude ;https://www.prelude.co/ ;USA 
13;Edgar ;https://meetedgar.com/ ;USA, Canada 
13;IPInfo ;https://ipinfo.io/ ;Worldwide 
14;DNSimple ;https://dnsimple.com/ ;Worldwide 
14+;Zignaly.com ;https://zignaly.io/ ;Worldwide 
15-20;Viperdev ;https://viperdev.io ;Worldwide 
15-20;You Need A Budget ;https://www.youneedabudget.com/ ;Worldwide 
15-25;Smmile Digital ;https://smmile.com ;Singapore 
15-30;CrowdTangle ;https://crowdtangle.com ;USA 
15+;Cyber Whale ;https://cyberwhale.tech ;Europe 
15;Deskpass ;https://www.deskpass.com ;Worldwide 
15+;No Code No Problem ;https://www.nocodenoprob.com/ ;Worldwide 
15;Opencity Labs ;https://opencitylabs.it/ ;Italy 
15;Payfully ;https://www.payfully.co ;Worldwide 
15;Reducer ;https://reducer.co.uk ;UK 
16-21;Bandzoogle ;https://bandzoogle.com/ ;Worldwide 
18+;Artefactual Systems ;https://www.artefactual.com ;UTC-8 to UTC+2 
18;Netsparker ;https://www.netsparker.com/ ;Worldwide 
18+;Sandhills Development ;https://sandhillsdev.com ;Worldwide 
19;Gridium ;https://gridium.com ;USA 
20-25;MarsBased ;https://marsbased.com/ ;Worldwide 
20-30;Fraudio ;https://www.fraudio.com/ ;Europe 
20-30;GigSalad ;https://www.gigsalad.com/ ;USA 
20-30;Jackson River ;https://jacksonriver.com/ ;USA 
20-30;Teamflow ;https://www.teamflowhq.com/ ;Worldwide 
20-30;Wildbit ;https://wildbit.com/ ;Worldwide 
20-40;ReactiveOps, Inc. ;https://www.reactiveops.com ;USA 
20-50;Aerolab ;https://aerolab.co/ ;Latin America 
20-50;Aerostrat ;https://aerostratsoftware.com/ ;USA 
20-50;AE Studio ;https://ae.studio/ ;USA, BR 
20-50;Astronomer ;https://www.astronomer.io/ ;USA and India 
20-50;Balsamiq ;https://balsamiq.com/ ;Worldwide 
20-50;Bear Group ;https://www.beargroup.com/ ;USA 
20-50;Beyond Company ;https://beyondcompany.com.br/ ;Brazil 
20-50;Blameless ;https://www.blameless.com/ ;North America 
20-50;Broadwing ;https://www.broadwing.io/ ;Worldwide 
20-50;ChefsClub ;https://www.chefsclub.com.br/ ;Brazil 
20-50;Close ;https://close.com ;Worldwide 
20-50;CodeSandbox ;https://codesandbox.io ;Worldwide 
20-50;Codeship ;https://codeship.com/ ;Worldwide 
20-50;Core-Apps ;https://www.core-apps.com/ ;USA 
20-50;CrateDB ;https://cratedb.com ;Europe 
20-50;CrazyGames ;https://www.crazygames.com ;Worldwide 
20-50;DappRadar ;https://dappradar.com/ ;Worldwide 
20-50;Enok ;https://www.enok.co/ ;USA 
20-50;Equal Experts Portugal ;https://www.equalexperts.com/contact-us/lisbon/ ;Europe 
20-50;Geckoboard ;https://www.geckoboard.com ;UK 
20-50;GEO Jobe ;https://www.geo-jobe.com/ ;USA 
20-50;Graylog ;https://www.graylog.org/ ;Worldwide 
20-50;Hack Reactor Remote ;https://www.hackreactor.com/remote/ ;Pacific Time Zone (PT) 
20-50;Hanzo ;https://hanzo.co ;USA, UK, Europe 
20-50;Headforwards ;https://www.headforwards.com ;UK 
20-50;kea ;https://kea.ai ;North and Latin America 
20-50;Kestra ;https://kestra.io/careers ;France 
20-50;Kodify ;https://kodify.io ;Worldwide 
20-50;Madisoft ;https://labs.madisoft.it/ ;Italy 
20-50;Marco Polo ;https://marcopolo.me ;North America 
20-50;MetaMask ;https://metamask.io ;Worldwide 
20-50;Muck Rack ;https://muckrack.com ;Worldwide 
20-50;Pagepro ;https://pagepro.co ;UK, PL, Europe 
20-50;Procurify ;https://procurify.com/careers ;Canada 
20-50;QuestDB ;https://questdb.io ;Worldwide 
20-50;RemoteMore ;https://remotemore.com ;WorldWide 
20-50;Shippabo ;https://shippabo.com ;North America 
20-50;Shogun ;https://getshogun.com ;Worldwide 
20-50;Skillcrush ;https://skillcrush.com ;Worldwide 
20-50;SoftwareMill ;https://softwaremill.com/ ;Europe 
20-50;Spreedly ;https://spreedly.com/ ;USA 
20-50;Tag1 Consulting ;https://tag1consulting.com/ ;Worldwide 
20-50;Teleport ;https://teleport.org/ ;USA< Europe 
20-50;Uhuru ;https://uhurunetwork.com/ ;Worldwide 
20-50;WebDevStudios ;https://webdevstudios.com/ ;USA 
20;Aiir ;https://aiir.com/ ;USA, UK 
20+;Bitovi ;https://bitovi.com/ ;Worldwide 
20+;Epsy Health ;https://epsyhealth.com/ ;Worldwide 
20;Giant ;https://giantmade.com ;UK 
20;GreenStitch.io ;https://greenstitch.io ;India 
20+;Netris ;https://www.netris.io ;Worldwide 
20+;Reaction Commerce ;https://reactioncommerce.com/careers/ ;Worldwide 
20+;Semaphore ;https://semaphoreci.com ;Europe 
20+;Server Density ;https://www.serverdensity.com ;Europe 
20+;Sommo ;https://www.sommo.io/ ;Worldwide 
21;Compose ;https://www.compose.io/ ;Worldwide 
22;Platform.sh ;https://platform.sh/ ;Worldwide 
23;Discourse ;https://www.discourse.org/ ;Worldwide 
23;Mobile Jazz ;https://mobilejazz.com ;Worldwide 
24;Chargify ;https://www.chargify.com/ ;USA 
24;You are launched ;https://www.urlaunched.com ;Ukraine, Poland 
25;Algorithmia ;https://algorithmia.com/ ;North America 
25;Convert ;https://www.convert.com ;Worldwide 
25;Healthfinch ;https://www.healthfinch.com/ ;USA 
25;madewithlove ;https://madewithlove.com ;UTC-5 to UTC+3 
25;Manifold ;https://manifold.co ;UTC-9 to UTC+1 
25;Progress Engine ;https://www.progress-engine.com/en ;Worldwide 
25+;QuickTrials ;https://quicktrials.com ;Worldwide 
25+;StormX ;https://stormx.io/ ;Worldwide 
25+;TaxJar ;https://www.taxjar.com ;USA 
25;Third Iron ;https://thirdiron.com/ ;USA 
26;OpenZeppelin ;https://openzeppelin.com/ ;Worldwide 
27;Customer.io ;https://customer.io ;Worldwide 
28;Bandcamp ;https://bandcamp.com/ ;Worldwide 
30-40;Bitnami ;https://bitnami.com/ ;Worldwide 
30-40;Compucorp ;https://www.compuco.io ;Worldwide 
30-50;Big Cartel ;https://www.bigcartel.com ;USA 
30-50;Olark ;https://www.olark.com/ ;UTC-8 to UTC+1 
30-50;Roadtrippers ;https://www.roadtrippers.com ;USA 
30-50;Transfeera ;https://transfeera.com/ ;Brazil 
30-70;Fairwinds ;https://www.fairwinds.com ;North America 
30+;Glitch ;https://www.glitch.com/ ;Worldwide 
30;Infinite Red ;https://infinite.red ;USA, CA 
30+;Intercom ;https://www.intercom.io/ ;Worldwide 
30;Intevity ;https://www.intevity.com/ ;USA 
30+;MixRank ;https://mixrank.com ;Worldwide 
30+;New Context ;https://www.newcontext.com/ ;USA 
30+;Redlio Designs ;https://redliodesigns.com ;Worldwide 
30;Ushahidi ;https://www.ushahidi.com ;Worldwide 
32;Vercel ;https://vercel.com/ ;Worldwide 
33;Fly.io ;https://fly.io ;Worldwide 
34+;NodeSource ;https://nodesource.com/ ;Worldwide 
35-50;Jitera ;https://iruuza-inc.com/ ;Worldwide 
35;CareMessage ;https://caremessage.org/careers/ ;Worldwide 
35+;Impala ;https://www.getimpala.com/ ;Europe 
35+;Raft ;https://goraft.tech ;USA 
35;WP-Media ;https://wp-media.me/ ;Worldwide 
36;Edify ;https://edify.cr/ ;Worldwide 
40-50;Kiprosh ;https://kiprosh.com ;USA, India 
40-50;Strapi ;https://strapi.io/careers ;Worldwide 
40-50;VSHN ;https://vshn.ch/jobs ;Switzerland 
40+;apartment therapy ;http://www.apartmenttherapy.com/ ;USA 
40+;DroneDeploy ;https://www.dronedeploy.com/ ;Worldwide 
40;Eco-Mind ;https://eco-mind.eu/ ;Italy 
40;Emsisoft ;https://www.emsisoft.com/ ;Worldwide 
40+;Fauna ;https://www.fauna.com/ ;Worldwide 
40;Flowing ;https://flowing.it ;Italy 
40+;Four Kitchens ;https://fourkitchens.com/ ;North America, Latin America 
40+;Hashex ;https://hashex.org/ ;US, Asia, Europe 
40+;LaterPay ;https://www.laterpay.net/ ;Worldwide 
40+;Leadership Success ;https://www.leadershipsuccess.co/ ;Worldwide 
40;Palantir.net ;https://www.palantir.net/ ;USA 
40;Panther Labs ;https://runpanther.io/ ;USA, Greece 
40+;Particular Software ;https://particular.net ;Worldwide 
40;Status ;https://www.status.im/ ;Worldwide 
40;YAZIO ;https://www.yazio.com/en/jobs ;Europe 
45-100;Iterative ;https://www.iterative.ai/ ;Worldwide 
45;Memory ;https://memory.ai/ ;Worldwide 
45;OmniTI ;https://omniti.com/ ;USA 
45;rtCamp ;https://rtcamp.com ;Worldwide 
50-100;Airbyte ;https://airbyte.com/ ;Europe, North America, Latin America 
50-100;Akka ;https://akka.io/ ;Worldwide 
50-100;Aula Education ;https://aula.education/ ;Worldwide 
50-100;Axelerant ;https://axelerant.com/ ;Worldwide 
50-100;BeyondPricing ;https://beyondpricing.com ;USA, Europe 
50-100;charity: water ;https://www.charitywater.org/ ;USA 
50-100;CivicActions ;https://civicactions.com/ ;Worldwide 
50-100;Code Like a Girl ;https://codelikeagirl.com ;Australia 
50-100;Designcode ;https://designcode.io/ ;Worldwide 
50-100;Gaggle ;https://www.gaggle.net/ ;USA 
50-100;Gremlin ;https://gremlin.com ;USA 
50-100;iClinic ;https://iclinic.com.br/ ;Brazil 
50-100;Intent ;https://withintent.com ;Europe, Africa 
50-100;JBS Custom Software Solutions ;https://www.jbssolutions.com/ ;USA 
50-100;Kaggle ;https://kaggle.com/ ;Worldwide 
50-100;Lambda School ;https://www.lambdaschool.com/ ;USA, Europe 
50-100;Litmus ;https://litmus.com/ ;Worldwide 
50-100;Monthly ;https://monthly.com ;North America 
50-100;Over ;https://www.madewithover.com/ ;Worldwide 
50-100;Plex ;https://plex.tv ;Worldwide 
50-100;Primotly ;https://primotly.com ;Worldwide 
50-100;Rakuten Travel Xchange ;https://solutions.travel.rakuten.com ;Worldwide 
50-100;Revolgy ;https://www.revolgy.com/ ;Europe, the Middle East, Africa 
50-100;Sardine.ai ;https://sardine.ai ;Worldwide 
50-100;ScyllaDB ;https://scylladb.com/ ;Worldwide 
50-100;Soshace ;https://www.soshace.com/ ;Worldwide 
50-100;Spoqa ;https://spoqa.co.kr/ ;Republic of Korea, Japan 
50-100;StreamNative ;https://streamnative.io/careers/ ;Worldwide 
50-100;Telestax ;https://telestax.com/ ;Worldwide 
50-100;Thinkful ;https://www.thinkful.com/ ;WorldWide 
50-100;Uncapped ;https://weareuncapped.com/ ;Europe, USA 
50-100;Varnish Software ;https://www.varnish-software.com/about-us ;Worldwide 
50-100;voiio ;https://voiio.de ;Europe 
50-200;EngineYard (Support Team) ;https://www.engineyard.com/ ;Worldwide 
50-200;Massive Pixel Creation ;https://massivepixel.io ;Poland 
50-200;Mycelium ;https://mycelium.ventures/ ;North America, Europe, Oceania 
50-250;Annertech ;https://www.annertech.com ;Ireland 
50-60;Comet ;https://www.comet.co/ ;France 
50-75;Balena ;https://www.balena.io/ ;Worldwide 
50-75;Functionize ;https://www.functionize.com/ ;Worldwide 
50-75;Ollie ;https://www.myollie.com ;USA 
50+;Art & Logic ;https://artandlogic.com ;USA, Canada 
50;Buffer ;https://buffer.com/ ;Worldwide 
50;CareCru ;https://carecru.com ;Worldwide 
50;DareCode ;https://darecode.com/ ;Europe 
50;Datadog ;https://www.datadoghq.com/ ;Worldwide (restricted locations) 
50;Data Science Dojo ;https://datasciencedojo.com/ ;Worldwide 
50;Datica ;https://datica.com/ ;USA 
50+;DealDash ;http://www.dealdash.com ;Worldwide 
50;Doist ;https://doist.com ;Worldwide 
50;DuckDuckGo ;https://duckduckgo.com/ ;Worldwide 
50+;Evil Martians ;https://evilmartians.com/ ;Worldwide 
50;Eyeo (Adblock Plus) ;https://eyeo.com/ ;Worldwide 
50+;Heetch ;https://heetch.com/ ;Central Europe Time (CET) +/1h 
50;Honeycomb ;https://honeycomb.tv/ ;Worldwide 
50+;Human Made ;https://hmn.md ;Worldwide 
50+;Impira ;https://www.impira.com/ ;USA 
50;InQuicker ;https://inquicker.com ;USA, CA 
50+;Komoot ;https://www.komoot.com ;Worldwide 
50;Mixmax ;https://mixmax.com ;Worldwide 
50+;Modern Tribe ;https://tri.be/ ;Worldwide 
50+;Octopus Deploy ;https://octopus.com/ ;Worldwide 
50+;Primer ;https://primer.io/careers ;Worldwide 
50+;Qatium ;https://qatium.com/ ;Spain 
50;Rainforest QA ;https://www.rainforestqa.com/jobs/ ;Worldwide 
50+;Remote Garage ;http://www.remotegarage.club/ ;India 
50+;Schnell Solutions Limited ;https://www.bespokesoftwaredevelopment.com ;United Kingdom 
50;Skyrocket Ventures ;https://www.skyrocketventures.com/ ;Worldwide 
50+;Smile.io ;https://smile.io ;Worldwide 
50;Spreaker ;https://spreaker.com/ ;USA, Europe 
50+;Vivo ;https://www.vivo.com.br/para-voce ;Brazil 
51-100;Algorand ;https://www.algorand.com/ ;USA 
51-100;CoreOS ;https://coreos.com/ ;USA 
51-100;Giant Swarm ;https://giantswarm.io ;Europe 
51-100;Happy Cog ;https://happycog.com/ ;USA 
51-100;LogDNA ;https://logdna.com ;Worldwide 
51-100;Taledo ;https://taledo.com/ ;Europe 
51-100;Taplytics ;https://taplytics.com/ ;USA, Canada 
51-100;toggl ;https://toggl.com/ ;Worldwide 
51-200;AddStructure ;https://www.bazaarvoice.com/ ;USA 
51-200;Appcues ;https://www.appcues.com/ ;Worldwide 
51-200;Audiense ;https://www.audiense.com/ ;Worldwide 
51-200;Brainstorm Force ;https://brainstormforce.com/ ;Worldwide 
51-200;Carmatec ;https://www.carmatec.com/ ;USA, India 
51-200;CloudLinux ;https://www.cloudlinux.com/ ;Worldwide 
51-200;Enjoei ;https://www.enjoei.com.br/ ;Brazil 
51-200;Findem ;https://www.findem.ai/ ;UTC+ WorldWide 
51-200;Help Scout ;https://www.helpscout.net/ ;Worldwide 
51-200;Intellum ;https://www.intellum.com ;USA 
51-200;Keen IO ;https://keen.io/ ;
51-200;Launch Potato ;https://launchpotato.com/ ;Worldwide 
51-200;Ordermentum ;https://www.ordermentum.com/ ;Australia 
51-200;Pathable ;https://pathable.com/ ;Worldwide 
51-200;Positiwise ;https://positiwise.com ;India, USA 
51-200;Railscarma ;https://www.railscarma.com ;USA, India 
51-200;RebelMouse ;https://www.rebelmouse.com/ ;Worldwide 
51-200;Roadpass Digital ;https://roadpass.com ;USA 
51-200;SadaPay ;https://sadapay.pk/ ;Pakistan 
51-200;Scrapinghub ;https://scrapinghub.com/ ;Worldwide 
51-200;Seeq ;https://www.seeq.com ;USA, Worldwide 
51-200;Upworthy ;https://www.upworthy.com/ ;Worldwide, Time Zone: PST, PDT 
51-200;WalletHub ;https://wallethub.com/jobs/ ;USA 
51-200;Wyeworks ;https://www.wyeworks.com/ ;North America, Latin America 
51-200;XWP ;https://xwp.co/ ;Worldwide 
51-200;YouCanBook.me Ltd ;https://youcanbook.me ;Worldwide 
51-250;Fleetio ;https://www.fleetio.com/ ;WorldWide 
51-300;Linux Foundation ;https://www.linuxfoundation.org/ ;Worldwide 
54;Basecamp ;https://basecamp.com/ ;Worldwide 
60-100;Mux ;https://mux.com ;Worldwide 
60+;Adzuna ;https://www.adzuna.co.uk/ ;Worldwide 
60+;FMX ;https://www.gofmx.com/ ;USA 
60+;Formstack ;https://www.formstack.com/ ;Worldwide 
60+;Friday Finance ;https://www.fridayfinance.com/ ;Europe, Americas, Africa, Western Asia 
60;Incsub ;https://incsub.com/ ;Worldwide 
60+;Lullabot ;https://www.lullabot.com/ ;Worldwide 
60+;MailerLite ;https://www.mailerlite.com ;Worldwide 
60+;Mayven Studios ;https://mayvenstudios.com/ ;Worldwide 
60+;Mediacurrent ;https://www.mediacurrent.com/ ;USA 
60;Parsely ;https://www.parse.ly/ ;Worldwide 
61;Freeagent ;https://www.freeagent.com/ ;Worldwide 
64+;Auth0 ;https://auth0.com/ ;Worldwide 
65;Drupal Jedi ;https://drupaljedi.com/ ;Worldwide 
65;Hotjar ;https://careers.hotjar.com/ ;Worldwide 
65;Link11 ;https://www.link11.com/ ;Germany 
65;TeamUltra ;https://www.computacenter.com/ ;UK 
65;Whitespectre ;https://whitespectre.com ;Worldwide 
67;CartoDB ;https://cartodb.com/ ;Worldwide 
67;Mediavine ;https://www.mediavine.com/ ;USA 
68;Harvest ;https://www.getharvest.com/ ;Worldwide 
70-100;Devsquad ;https://devsquad.com ;Worldwide 
70-100;Jaya Tech ;https://jaya.tech/ ;Worldwide 
70+;Bit Zesty ;https://bitzesty.com/ ;Worldwide 
70+;Fireball Labs ;https://www.fireballlabs.com ;Germany 
70;Redox ;https://www.redoxengine.com/ ;USA 
70+;Thorn ;https://thorn.org/ ;USA 
75+;Alley ;https://alley.co ;USA, Canada, Western Europe 
75+;Formidable ;https://www.formidable.com/ ;USA, Canada, UK, Europe 
75;Precision Nutrition ;https://www.precisionnutrition.com/ ;Worldwide 
80-100;Connexa ;https://www.connexa.com/ ;Worldwide 
80-100;JupiterOne ;https://www.jupiterone.com/careers/ ;USA 
80-100;Platform Builders ;https://platformbuilders.io/ ;Worldwide 
80+;Ergeon ;https://www.ergeon.com/ ;Worldwide 
80+;PrivacyCloud ;https://www.privacycloud.com/en ;Spain 
80+;TestGorilla ;https://www.testgorilla.com/ ;Worldwide 
82;KickBack Rewards Systems ;https://careers.kickbacksystems.com ;USA 
85;Exoscale ;https://www.exoscale.com ;Europe 
89;Igalia ;https://www.igalia.com/ ;Europe 
90-100;Gojob ;https://gojob.com/ ;France 
90+;Hireology ;https://www.hireology.com ;USA 
90+;OnTheGoSystems ;https://onthegosystems.com/ ;Worldwide 
90+;Replit ;https://replit.com ;Worldwide 
95-110;argyle ;https://argyle.com/ ;Worldwide 
100-150;Brikl ;https://www.brikl.com/ ;North America, Asia 
100-150;Evrone ;https://evrone.com/ ;Worldwide 
100-150;Fingerprint ;https://fingerprint.com ;Worldwide 
100-150;Nuharbor Security ;https://nuharborsecurity.com/ ;USA 
100-150;Olo ;https://www.olo.com/ ;USA 
100;15Five ;https://www.15five.com ;Europe, Americas 
100+;18F ;https://18f.gsa.gov/ ;USA 
100-200;Appinio ;https://appinio.com/ ;Europe 
100-200;CircleCI ;https://circleci.com/ ;Worldwide 
100-200;Clootrack ;https://www.clootrack.com/ ;India 
100-200;Data Science Brigade ;https://dsbrigade.com/ ;Worldwide 
100-200;Delighted ;https://delighted.com ;Worldwide 
100-200;FDTE ;https://fdte.org.br/ ;Brazil 
100-200;FireHire ;https://www.firehire.ai ;WorldWide 
100-200;Freeletics ;https://www.freeletics.com/ ;Germany, Poland, Portugal 
100-200;Fyle ;https://www.fylehq.com/ ;India 
100-200;GuideSmiths ;https://www.guidesmiths.com/ ;Europe 
100-200;IOHK ;https://iohk.io/ ;Worldwide 
100-200;Joyent ;https://www.joyent.com/careers/ ;USA, UK, Canada, SK, SG 
100-200;Mixcloud ;https://www.mixcloud.com/ ;Europe 
100-200;Nuna ;https://www.nuna.com/ ;USA 
100-200;Ocient ;https://ocient.com ;USA, Europe, India 
100-200;Olist ;https://olist.com/ ;Brazil 
100-200;Optoro ;https://www.optoro.com/ ;Worldwide 
100-200;Paktor ;https://www.gopaktor.com/ ;Worldwide 
100-200;Paytm Labs ;https://paytmlabs.com/ ;Canada, USA 
100-200;Percona ;https://www.percona.com ;Worldwide 
100-200;Rocket.Chat ;https://rocket.chat ;Worldwide 
100-200;Sketch ;https://www.sketch.com/ ;Europe and North America 
100-200;TeamSnap ;https://www.teamsnap.com ;USA 
100-200;Trello ;https://trello.com/ ;Asia, Europe, North America, Oceania 
100-200;Truelogic ;https://www.truelogicsoftware.com/ ;Latin America 
100-200;uShip ;https://www.uship.com ;USA 
100-200;XP Inc ;https://www.xpi.com.br/ ;Brazil 
100;Applied AI Company (AAICO) ;https://www.aaico.com/ ;Worldwide 
100+;BeenVerified ;https://www.beenverified.com/ ;Worldwide 
100+;Capmo ;https://www.capmo.com/en ;CET -4 / CET +4 
100;Clevertech ;https://clevertech.biz/ ;Worldwide 
100+;Coforma ;https://coforma.io ;USA 
100;Collabora ;https://www.collabora.com/ ;Worldwide 
100+;HE:labs ;https://www.helabs.com ;Worldwide 
100+;Intuit Inc. ;https://www.intuit.com/ ;Worldwide 
100;Kuali ;https://kuali.co ;USA 
100;Leadfeeder ;https://www.leadfeeder.com ;Europe, North America 
100+;Lifetime Value Company ;https://www.ltvco.com/ ;Worldwide 
100+;Medium ;https://medium.com/ ;USA 
100;mtc. ;https://www.mtcmedia.co.uk ;UK, Europe 
100+;Onna ;https://onna.com/ ;USA, Europe 
100+;Pex ;https://pex.com ;Worldwide 
100+;Procenge Tecnologia ;https://www.procenge.com.br ;Brazil 
100+;Spruce ;https://getspruce.com/ ;North America, Latin America 
100;Treehouse ;https://teamtreehouse.com/ ;USA 
100;TrussWorks ;https://truss.works ;USA 
100+;Tuft & Needle ;https://www.tuftandneedle.com/ ;USA 
100+;Valimail ;https://www.valimail.com/ ;USA 
100+;Voxy ;https://boards.greenhouse.io/voxy ;Brazil, USA 
110-250;Axios ;https://axios.com/ ;USA 
110+;Elsewhen ;https://www.elsewhen.com/ ;UK 
120;Kentik ;https://www.kentik.com/careers ;USA, Europe, APAC 
120+;Labelbox ;https://labelbox.com/ ;Worldwide 
120;NEXT ;https://www.nexttrucking.com/ ;USA 
125+;10up ;https://10up.com/ ;Worldwide 
126;Interactive Intelligence ;https://www.inin.com/ ;Worldwide 
130+;ALICE ;https://aliceplatform.com ;Worldwide 
130+;FlightAware ;https://flightaware.com ;USA 
130;Syde ;https://syde.com/ ;Worldwide 
140;BetterUp ;https://www.betterup.com/ ;USA 
145+;Envoy ;https://envoy.com/ ;USA, Canada, Colombia 
150-200;IPS Group, Inc. ;https://www.ipsgroupinc.com/ ;USA 
150-200;Swimlane ;https://www.swimlane.com ;USA 
150-250;SweetRush ;https://www.sweetrush.com ;Worldwide 
150;90 Seconds ;https://90seconds.com/ ;Worldwide 
150;InfluxData ;https://influxdata.com ;USA, UK, DE, IT 
150+;Teravision Technologies ;https://teravisiontech.com/ ;Latin America 
161;Silverfin ;https://www.silverfin.com/ ;Worldwide 
170+;Boldare ;https://boldare.com ;Worldwide 
170+;Mindful ;https://getmindful.com/ ;Worldwide 
180+;LeadIQ ;https://leadiq.com/ ;Worldwide 
186;Grafana Labs ;https://grafana.com/ ;USA and EMEA/EST Timezones 
200+;1Password ;https://www.1password.com ;North America, UK 
200-250;Gorman Health Group ;https://conveyhealthsolutions.com/ ;USA 
200-250;WebFX ;https://www.webfx.com ;Worldwide 
200-300;Quora ;https://www.quora.com ;Worldwide 
200-300;TED ;https://www.ted.com/ ;USA, CA, Brazil 
200;37signals ;https://37signals.com ;Worldwide 
200-500;Cofense ;https://cofense.com ;USA 
200-500;Wikimedia Foundation ;https://wikimediafoundation.org ;Worldwide 
200+;BandLab ;https://bandlab.com/ ;Worldwide 
200+;Celsius ;https://celsius.network/ ;Worldwide 
200+;ChainLink Labs ;https://chainlinklabs.com/ ;USA 
200+;ConsenSys ;https://consensys.net/ ;Worldwide 
200;iFit ;https://www.ifit.com/ ;USA 
200+;Jobsity ;https://recruitment.jobsity.com/ ;USA, LATAM 
200;JOOR ;https://www.joor.com ;Europe 
200;Lifen ;https://www.lifen.health/ ;France, Germany, UK 
200+;MySQL ;https://www.mysql.com/ ;Worldwide 
200+;Ollie Order ;https://ollieorder.com/ ;Canada 
200+;PricewaterhouseCoopers ;https://www.pwc.com ;USA 
200+;Ramp ;https://www.ramp.com/ ;Worldwide 
200+;Scopic Software ;https://scopicsoftware.com/ ;Worldwide 
200+;SmugMug ;https://www.smugmug.com/ ;Worldwide 
200+;Stack Exchange ;https://stackexchange.com/ ;Worldwide 
200+;Stripe ;https://stripe.com/ ;Worldwide 
200+;Udacity ;https://www.udacity.com/ ;Worldwide 
200+;Yodo1 ;https://www.yodo1.com/en/ ;Worldwide 
201-500;BriteCore ;https://britecore.com/ ;USA, Worldwide 
201-500;Coalition Technologies ;https://coalitiontechnologies.com/ ;Worldwide 
201-500;Dave ;https://dave.com/ ;USA 
201-500;Fiverr ;https://www.fiverr.com/ ;North America, Asia 
201-500;Gerencianet ;https://gerencianet.com.br ;Brazil 
201-500;Linaro ;https://www.linaro.org/ ;Worldwide 
201-500;O'Reilly Online Learning ;https://www.oreilly.com/ ;Worldwide 
201-500;Pindrop ;https://www.pindrop.com/ ;US 
201-500;SecurityScorecard ;https://securityscorecard.com/ ;UTC -3 to -5 
201-500;Wingify ;https://wingify.com/ ;India 
201-500;Wolverine Trading ;https://www.wolve.com/ ;USA, UK 
201-500;Zolar ;https://www.zolar.de/ ;Germany 
210;Sysdig️ ;https://sysdig.com/ ;USA 
220;Hypergiant ;https://www.hypergiant.com/contact/ ;Worldwide 
230+;Scandit ;https://scandit.com ;Worldwide 
250-300;Prezi ;https://prezi.com/jobs/ ;Europe, North America 
250-500;Recurly ;https://recurly.com/ ;USA 
250-500;Virta Health ;https://www.virtahealth.com ;USA 
250;Casumo ;https://www.casumo.com/ ;Europe 
250;Maxicus ;https://maxicus.com/ ;India 
250+;Packlink ;https://www.packlink.com/ ;UTC+2 
250+;X-Team ;https://x-team.com/ ;Worldwide 
280;Elastic ;https://www.elastic.co/ ;Worldwide 
280;Heap ;https://heapanalytics.com/ ;Worldwide 
300+;Dashlane ;https://dashlane.com ;Worldwide 
300;GitLab ;https://about.gitlab.com/ ;Worldwide 
300+;Modern Health ;https://www.modernhealth.com/ ;USA 
300;PagerDuty ;https://pagerduty.com ;USA 
300+;Research Square ;https://www.researchsquare.com/ ;USA 
300+;SmartCash ;https://www.smartcash.cc/ ;Worldwide 
300+;Zapier ;https://zapier.com/ ;Worldwide 
310-500;Anomali ;https://www.anomali.com/company/careers ;USA, UK, Singapore 
320+;Kinsta ;https://kinsta.com ;Worldwide 
350+;Mapbox ;https://www.mapbox.com/ ;Worldwide 
376;Karat ;https://karat.com/ ;Worldwide 
387;Sendwave ;https://www.sendwave.com/ ;Worldwide 
393;Hudl ;https://www.hudl.com/ ;USA, UK 
400-450;TheoremOne ;https://theoremone.co/ ;UTC-10 to UTC+2 
400-500;Discord ;https://discord.com/ ;USA 
400+;AlphaSights ;https://engineering.alphasights.com ;USA, UK, (EST, GMT) 
400+;BlueCat Networks ;https://bluecatnetworks.com/ ;North America 
400+;Flip ;https://flip.id ;Indonesia 
400+;HashiCorp ;https://www.hashicorp.com/ ;USA, CA, UK, DE, FR, NL, AU, JPN 
400+;Klaviyo ;https://www.klaviyo.com/ ;USA, UK 
400+;Locus Robotics ;https://locusrobotics.com ;Worldwide 
400+;Prominent Edge ;https://prominentedge.com/careers ;Worldwide 
437;Hopper ;https://www.hopper.com/ ;USA, CA, UK, BG, PH, CO 
450-650;FFW Agency ;https://ffwagency.com/ ;Worldwide 
450-700;Doit ;https://doit.com ;Worldwide 
450;Faithlife ;https://www.faithlife.com/ ;USA, Mexico 
475+;DigitalOcean ;https://www.digitalocean.com/ ;Worldwide 
500-1000;EatStreet ;https://eatstreet.com/ ;USA 
500-1000;Sticker Mule ;https://www.stickermule.com/ ;Worldwide 
500;Adeva ;https://adevait.com/ ;Asia, Africa, Europe, South America, United States 
500+;Alami ;https://alamisharia.co.id/en/ ;Indonesia 
500+;Alan ;https://alan.com/ ;Europe 
500+;Amazon ;https://www.amazon.jobs/en/locations/virtual-locations ;Worldwide 
500+;DataStax ;https://www.datastax.com/ ;Worldwide 
500+;Docker ;https://www.docker.com ;USA 
500+;Episource ;https://episource.com ;USA 
500+;Etsy ;https://www.etsy.com/ ;Worldwide 
500+;LogRocket ;https://logrocket.com/ ;USA 
500+;Safeguard Global ;https://www.safeguardglobal.com/ ;Worldwide 
500;Skillshare ;https://www.skillshare.com/teach ;Worldwide 
500+;Zemoso ;https://www.zemosolabs.com/ ;USA, Canada, India 
501-1000;Crowdstrike ;https://www.crowdstrike.com ;Worldwide 
501-1000;Envato ;https://envato.com/ ;Worldwide 
501-1000;General Assembly ;https://generalassemb.ly/ ;Worldwide 
501-1000;Mozilla ;https://www.mozilla.org/ ;North America 
501-1000;Nerdwallet ;https://www.nerdwallet.com ;USA, England 
501-1000;PayScale ;https://www.payscale.com/ ;USA 
501-1000;Sonatype ;https://www.sonatype.com ;Worldwide 
501-1000;Thrive Market ;https://thrivemarket.com/ ;USA 
570;Upwork Pro ;https://www.upwork.com ;North America 
600-700;Ebury ;https://ebury.com/ ;Worldwide 
600+;Lytx ;https://www.lytx.com/en-us/about-us/careers ;USA 
600+;Netguru ;https://www.netguru.com ;Worldwide 
651+;Khan Academy ;https://www.khanacademy.org/ ;USA 
700-800;MeridianLink ;https://meridianlink.com/ ;USA 
700+;Canonical ;https://www.canonical.com/ ;Worldwide 
700;Fastly ;https://www.fastly.com/ ;Worldwide 
700+;Kaufland e-commerce ;https://kaufland-ecommerce.com/ ;Europe UTC-1 to UTC+2 
700+;Pleo ;https://www.pleo.io/ ;East American / European / African timezones 
700;Wolfram ;https://www.wolfram.com ;Worldwide 
775+;Wizeline ;https://www.wizeline.com/ ;Worldwide 
800+;Acquia ;https://www.acquia.com/ ;Worldwide 
800;FactorialHR ;https://www.factorialhr.com ;Worldwide 
800+;Kraken ;https://kraken.com ;Worldwide 
800+;MessageBird ;https://messagebird.com/ ;Worldwide 
800+;SeatGeek ;https://seatgeek.com/ ;UK, USA, Israel, Denmark, Germany 
836;Vox Media (Product Team) ;https://www.voxmedia.com/ ;USA, UK 
850+;Applaudo ;https://applaudostudios.com ;Worldwide 
900-1000;Granicus ;https://granicus.com/ ;USA, UK, Australia, India 
900+;Turing ;https://www.turing.com/ ;Worldwide 
929;ClickUp ;https://clickup.com/ ;Worldwide 
950;Pragma ;https://www.pragma.co/ ;Latin America 
1000-4999;Namecheap ;https://www.namecheap.com ;Worldwide 
1000-5000;Bairesdev ;https://bairesdev.com/ ;Worldwide 
1000-5000;Grubhub ;https://www.grubhub.com/ ;USA / Worldwide 
1000-5000;TatvaSoft ;https://www.tatvasoft.com/ ;Worldwide 
1000-5000;Tenable ;https://www.tenable.com/ ;Worldwide, Primarily USA 
1000-5000;The Home Depot ;https://careers.homedepot.com/career-areas/technology/ ;USA 
1000-5000;Wombat Security Technologies ;https://www.wombatsecurity.com/ ;USA 
1000+;Andela ;https://andela.com/ ;Worldwide 
1000+;Cabify ;https://cabify.com/ ;Spain 
1000+;Coursera ;https://www.coursera.org/ ;USA, Canada 
1000+;EBSCO Information Services ;https://www.ebsco.com ;USA 
1000+;Extreme Networks ;https://www.extremenetworks.com/ ;Worldwide 
1000;GitHub ;https://github.com/ ;Worldwide 
1000+;Inshorts ;https://www.inshorts.com/ ;India 
1000+;Instructure ;https://www.instructure.com/ ;Europe, North America, Oceania 
1000+;LINE Plus Corporation ;https://linepluscorp.com/ ;Republic of Korea 
1000;Red Hat ;https://www.redhat.com ;Worldwide 
1001-5000;Coinbase ;https://www.coinbase.com ;Worldwide 
1001-5000;Daktronics ;https://www.daktronics.com/en-us ;US 
1001-5000;Dow Jones ;https://www.dowjones.com/ ;USA 
1001-5000;Epic Games ;https://www.epicgames.com/site/en-US/careers ;Worldwide 
1001-5000;Flexera ;https://www.flexera.com/ ;USA 
1001-5000;Lightspeed ;https://www.lightspeedhq.com/ ;Worldwide 
1001-5000;Okta ;https://www.okta.com ;Worldwide 
1001-5000;PayPay Corporation ;https://about.paypay.ne.jp/career/en/ ;Japan 
1001-5000;Picpay ;https://picpay.com ;Brazil 
1001-5000;PowerSchool ;https://www.powerschool.com/ ;North America / India 
1001-5000;Telerik ;https://www.telerik.com/ ;Worldwide 
1001-5000;The Planet Group ;https://theplanetgroup.com/ ;Worldwide 
1001-5000;Xapo ;https://xapo.com/ ;Worldwide 
1100+;eFishery ;https://efishery.com/ ;Indonesia 
1100+;Zip.co ;https://zip.co/us/ ;USA, Canada 
1200+;Renaissance ;https://www.renaissance.com/ ;United States 
1300+;LivePerson ;https://www.liveperson.com/company/careers ;Worldwide 
1400;Toast ;https://pos.toasttab.com/ ;USA, Ireland 
1500-2000;SUSE ;https://www.suse.com/ ;Worldwide 
1500+;Klanik ;https://www.klanik.com/ ;Europe, USA 
1600;Tide ;https://www.tide.co/ ;UK, Europe, India 
1600+;Transition Technologies - Advanced Solutions ;http://www.tt.com.pl/ ;Poland 
1700+;Asana ;https://asana.com/ ;Worldwide 
2000+;Edgio ;https://edg.io/ ;Worldwide 
2000+;Inter.link ;https://inter.link/ ;Worldwide 
2000+;Mercari ;https://about.mercari.com/en/ ;Japan 
2000+;MongoDB ;https://mongodb.com ;Worldwide 
2000+;Revolut ;https://www.revolut.com/ ;Worldwide 
2044;Automattic ;https://automattic.com/ ;Worldwide 
2100;bilstein group ;https://bilsteingroup.com/en/ ;Germany, UK, Portugal, Serbia 
2600;Deel ;http://www.deel.com/ ;Worldwide 
2667;Dropbox ;https://www.dropbox.com/ ;Europe, North America 
3000-3500;PayU ;https://corporate.payu.com ;Worldwide 
3000+;Bounteous ;https://bounteous.com ;Worldwide 
3000;CloudEra ;https://www.cloudera.com ;Worldwide 
3000+;Imagine Learning ;https://www.imaginelearning.com ;USA 
3300+;Paylocity ;https://www.paylocity.com/ ;USA 
3500-4000;Zup ;https://zup.com.br/ ;Brazil 
4000+;CANCOM ;https://www.cancom.com/ ;Germany, Austria, Slovakia 
4000+;Crossover ;https://www.crossover.com ;Worldwide 
4000+;StoneCo ;https://www.stone.co/ ;Brazil 
5000-10000;Akamai ;https://www.akamai.com/ ;USA, India 
5000-10000;Invesco ;https://www.invesco.com/corporate ;Worldwide 
5000+;Appen ;https://www.appen.com/ ;North America, Europe, Asia, Australia 
5000+;Shopify ;https://www.shopify.com ;Worldwide 
6000;Rackspace ;https://rackspace.com/ ;Worldwide 
6000+;Swiggy ;https://www.swiggy.com ;India 
6000+;Twilio ;https://www.twilio.com/ ;Worldwide 
7000+;Veeva Systems ;https://www.veeva.com/ ;Worldwide 
7100+;Hubspot ;https://www.hubspot.com/ ;Worldwide 
8230;Spotify ;https://www.spotify.com/ ;Worldwide 
8600;Yahoo! ;https://www.yahooinc.com/ ;Worldwide 
9000+;Encora ;https://careers.encora.com/ ;Worldwide 
10000-50000;GoDaddy ;https://www.godaddy.com/ ;Worldwide 
10000+;CWT ;https://www.mycwt.com/ ;Worldwide 
10000+;GFT ;https://www.gft.com/ ;Asia, Europe, Latin America, North America 
10000+;Intuition Machines, Inc ;https://www.imachines.com/ ;Worldwide 
10000;Modsquad ;https://modsquad.com/ ;Worldwide 
10000+;Salesforce ;https://www.salesforce.com/ ;Worldwide 
10000+;Yandex ;https://yandex.com/ ;Worldwide 
10001+;Parexel ;https://www.parexel.com ;Worldwide 
11000+;NetApp ;https://www.netapp.com/ ;Worldwide 
15372;Atlassian ;https://www.atlassian.com/ ;USA, Europe, Asia, Australia 
16000+;Nagarro ;https://www.nagarro.com/en ;Worldwide 
16000+;ZAMP ;https://zamp.com.br/ ;Brazil 
19000;Embraer ;https://embraer.com/ ;Brazil 
19000+;Reddit ;https://www.redditinc.com ;USA 
20000-22000;Alight Solutions ;https://alight.com ;Worldwide 
22473;Nvidia ;https://www.nvidia.com/ ;Worldwide 
25000+;Nationwide ;https://www.nationwide.com/ ;USA 
30000+;Epam ;https://epam.com/ ;Worldwide 
30000+;Heroku ;https://www.heroku.com/ ;USA, CA, UK, Europe 
30000+;VMware ;https://www.vmware.com/in.html ;Worldwide 
32000;USAA ;https://usaa.com ;USA 
40812;Sutherland CloudSource ;https://www.sutherlandcloudsource.com ;Worldwide 
51000+;PNC Financial Services ;https://www.pnc.com/ ;USA 
52000;Capital One ;https://www.capitalonecareers.com/tech ;USA 
65000+;FIS GLOBAL ;https://www.fisglobal.com/ ;USA, UK, Asia 
72718;IQVIA ;https://jobs.iqvia.com/our-company ;Worldwide 
92663;Atento ;https://atento.gupy.io ;Brazil, Mexico and EMEA 
135000;Oracle ;https://www.oracle.com/ ;Worldwide 
144000;Microsoft ;https://www.microsoft.com/ ;Worldwide 
200000-300000;Wipro ;https://www.wipro.com/ ;India 
270000+;Capgemini ;https://www.capgemini.com/us-en/ ;Worldwide 
280000+;IBM ;https://www.ibm.com ;Worldwide 
284000+;Puppet ;https://puppet.com/ ;Worldwide 
300000+;Cognizant ;https://www.cognizant.com/in/en ;Worldwide 
